<extension type="component" version="2.5.0" method="upgrade">
    <name>Smart Slider 3</name>
    <author>Nextendweb</author>
    <copyright>Copyright (C) Nextendweb.com</copyright>
    <authorEmail>support@nextendweb.com</authorEmail>
    <authorUrl>http://smartslider3.com</authorUrl>
    <creationDate>2015-11-01</creationDate>
    <license>http://www.gnu.org/licenses/gpl-3.0.txt GNU/GPL</license>
    <releaseDate>2017-08-03</releaseDate>
    <version>3.3.26</version>
    <description>Component for Smart Slider 3.</description>
    <files folder="site">
        <filename>index.html</filename>
    </files>
    <administration>
        <menu img="components/com_smartslider3/icon16.png">COM_SMARTSLIDER3</menu>
        <files>
            <filename>smartslider3.php</filename>
            <filename>icon16.png</filename>
            <filename>config.xml</filename>
            <filename>access.xml</filename>
            <folder>language</folder>
            <filename>index.html</filename>
        </files>
        <languages folder="language">
            <language tag="en-GB">en-GB/en-GB.com_smartslider3.ini</language>
            <language tag="en-GB">en-GB/en-GB.com_smartslider3.sys.ini</language>
            <language tag="en-GB">en-GB/en-GB.com_smartslider3.menu.ini</language>
        </languages>
    </administration>
    <updateservers>
        <server type="extension" name="Smart Slider 3 Updates">https://secure.nextendweb.com/api/api.php?action=joomla_version&amp;platform=joomla&amp;product=smartslider3&amp;pro=0</server>
    </updateservers>
</extension>