<?xml version="1.0" encoding="utf-8"?>
<extension version="1.0" type="plugin" group="system" method="upgrade">
<name>System - Page Load Progress</name>
<author>Glimlag.gr</author>
<creationDate>June 2017</creationDate>
<copyright>Copyright (C) 2007-2017 Glimlag.gr</copyright>
<license>GNU General Public License version 2 or later; see LICENSE.txt</license>
<authorEmail>info@glimlag.gr</authorEmail>
<authorUrl>www.glimlag.gr</authorUrl>
<version>1.0</version>
<description>Automatic page load progress bars </description>
<files>
	<filename plugin="PageLoadProgress">PageLoadProgress.php</filename>
	<filename>index.html</filename>
	<folder>templates</folder>
    <folder>js</folder>
</files>
<config>
	<fields name="params">
	<fieldset name="basic">
		<field name="barcolor" type="color" default="#b5ff33" label="Bar color" description="Select the color of the progress bar" />
		<field name="textcolor" type="color" default="#ffffff" label="Text color" description="Select the color of the text" />
		<field name="opacity" type="number" default="0.8" label="Background opacity" description="" min="0.1" max="1" step="0.05" />
		<field name="template" type="list" default="0" label="Template" description="Select the bar template that you like most!">
			<option value="pace-theme-big-counter.tmpl.css">Big counter</option>
			<option value="pace-theme-bounce.tmpl.css">Bounce</option>
			<option value="pace-theme-center-circle.tmpl.css">Center circle</option>
			<option value="pace-theme-center-radar.tmpl.css">Center radar</option>
			<option value="pace-theme-center-simple.tmpl.css">Center simple</option>
			<option value="pace-theme-corner-indicator.tmpl.css">Corner indicator</option>
			<option value="pace-theme-fill-left.tmpl.css">Fill left</option>
			<option value="pace-theme-flash.tmpl.css">Flash</option>
			<option value="pace-theme-flat-top.tmpl.css">Flat top</option>
			<option value="pace-theme-loading-bar.tmpl.css">Loading bar</option>
			<option value="pace-theme-mac-osx.tmpl.css">Mac OS X</option>
			<option value="pace-theme-material.tmpl.css">Material</option>
			<option value="pace-theme-minimal.tmpl.css">Minimal</option>
		</field>
</fieldset>
	</fields>
</config>
</extension>
