<?xml version="1.0" encoding="UTF-8" ?>
<extension type="package" version="1.6" method="upgrade">
	<name>Awo Email Login Package</name>
	<packagename>awoelogin</packagename>
	<author>Seyi Awofadeju</author>
	<creationDate>2016-02-10</creationDate>
	<copyright>Copyright (C) 2010 Seyi Awofadeju - All rights reserved.</copyright>
	<license>http://www.gnu.org/licenses/gpl-2.0.html GNU/GPL</license>
	<packagerurl>dev@awofadeju.com</packagerurl>
	<packagerurl>http://dev.awofadeju.com</packagerurl>
	<version>3.2.2</version>
	
	<files>
		<folder type="plugin" id="awoelogin" group="authentication">authentication_awoelogin</folder>
		<folder type="plugin" id="awoelogin" group="system">system_awoelogin</folder>
	</files>
</extension>
