<?xml version="1.0" encoding="utf-8"?>
<extension version="3.9" type="plugin" group="system" method="upgrade">
    <name>plg_system_kickgdpr</name>
    <author>Kicktemp GmbH</author>
    <creationDate>October 2019</creationDate>
    <copyright>Copyright © 2019 Kicktemp GmbH. All rights reserved.</copyright>
    <license>GNU General Public License version 3 or later; see LICENSE.txt</license>
    <authorEmail>hello@kicktemp.com</authorEmail>
    <authorUrl>https://kicktemp.com</authorUrl>
    <version>3.3.0</version>
    <description>PLG_SYSTEM_KICKGDPR_XML_DESCRIPTION</description>
    <files>
        <folder>language</folder>
        <folder>fields</folder>
        <file plugin="kickgdpr">CHANGELOG.txt</file>
        <file plugin="kickgdpr">kickgdpr.php</file>
        <file plugin="kickgdpr">langlinks.xml</file>
    </files>
    <scriptfile>kickscript.php</scriptfile>
    <media folder="media" destination="plg_system_kickgdpr">
        <folder>js</folder>
        <folder>css</folder>
    </media>
    <config>
        <fields name="params"  addfieldpath="/plugins/system/kickgdpr/fields">
            <fieldset name="basic">
                <field name="enable_statistics"
                       type="radio"
                       class="btn-group"
                       default="1"
                       label="PLG_SYSTEM_KICKGDPR_PARAMETER_ENABLE_STATISTICS_LABEL"
                       description="PLG_SYSTEM_KICKGDPR_PARAMETER_ENABLE_STATISTICS_DESC"
                >
                    <option value="0">JNO</option>
                    <option value="1">JYES</option>
                </field>
                <field type="kickdonation" />
                <field name="disable_cookie"
                       type="radio"
                       class="btn-group"
                       default="0"
                       label="PLG_SYSTEM_KICKGDPR_PARAMETER_DISABLE_COOKIE_LABEL"
                       description="PLG_SYSTEM_KICKGDPR_PARAMETER_DISABLE_COOKIE_DESC"
                >
                    <option value="0">JNO</option>
                    <option value="1">JYES</option>
                </field>
                <field name="disable_ga"
                       type="radio"
                       class="btn-group"
                       default="1"
                       label="PLG_SYSTEM_KICKGDPR_PARAMETER_DISABLE_GA_LABEL"
                       description="PLG_SYSTEM_KICKGDPR_PARAMETER_DISABLE_GA_DESC"
                       showon="disable_cookie:0"
                >
                    <option value="0">JNO</option>
                    <option value="1">JYES</option>
                </field>
                <field name="disable_gtm"
                       type="radio"
                       class="btn-group"
                       default="1"
                       label="PLG_SYSTEM_KICKGDPR_PARAMETER_DISABLE_GTM_LABEL"
                       description="PLG_SYSTEM_KICKGDPR_PARAMETER_DISABLE_GTM_DESC"
                       showon="disable_cookie:0"
                >
                    <option value="0">JNO</option>
                    <option value="1">JYES</option>
                </field>
                <field name="disable_ma"
                       type="radio"
                       class="btn-group"
                       default="1"
                       label="PLG_SYSTEM_KICKGDPR_PARAMETER_DISABLE_MA_LABEL"
                       description="PLG_SYSTEM_KICKGDPR_PARAMETER_DISABLE_MA_DESC"
                       showon="disable_cookie:0"
                >
                    <option value="0">JNO</option>
                    <option value="1">JYES</option>
                </field>
                <field name="disable_facebook"
                       type="radio"
                       class="btn-group"
                       default="1"
                       label="PLG_SYSTEM_KICKGDPR_PARAMETER_DISABLE_FACEBOOK_LABEL"
                       description="PLG_SYSTEM_KICKGDPR_PARAMETER_DISABLE_FACEBOOK_DESC"
                       showon="disable_cookie:0"
                >
                    <option value="0">JNO</option>
                    <option value="1">JYES</option>
                </field>
            </fieldset>
            <fieldset name="cookie" label="PLG_SYSTEM_KICKGDPR_TAB_COOKIE">
                <field type="kickdonation" name="kickdonation_cookie"/>
                <field
                        name="cookie_spacer"
                        type="spacer"
                        label="PLG_SYSTEM_KICKGDPR_TAB_COOKIE_DESC"
                />
                <field name="js_css_source"
                       type="radio"
                       class="btn-group"
                       default="default"
                       label="PLG_SYSTEM_KICKGDPR_PARAMETER_SOURCE_LABEL"
                       description="PLG_SYSTEM_KICKGDPR_PARAMETER_SOURCE_DESC"
                >
                    <option value="default">PLG_SYSTEM_KICKGDPR_SOURCE_DEFAULT</option>
                    <option value="cloudflare">PLG_SYSTEM_KICKGDPR_SOURCE_CLOUDFLARE</option>
                    <option value="custom">PLG_SYSTEM_KICKGDPR_SOURCE_CUSTOM</option>
                </field>
                <field name="expiryDays"
                       type="list"
                       default="365"
                       label="PLG_SYSTEM_KICKGDPR_EXPIRYDAYS_LABEL"
                       description="PLG_SYSTEM_KICKGDPR_EXPIRYDAYS_DESC">
                    <option value="7">PLG_SYSTEM_KICKGDPR_EXPIRYDAYS_WEEK</option>
                    <option value="30">PLG_SYSTEM_KICKGDPR_EXPIRYDAYS_30DAYS</option>
                    <option value="90">PLG_SYSTEM_KICKGDPR_EXPIRYDAYS_90DAYS</option>
                    <option value="365">PLG_SYSTEM_KICKGDPR_EXPIRYDAYS_YEAR</option>
                    <option value="730">PLG_SYSTEM_KICKGDPR_EXPIRYDAYS_2YEARS</option>
                </field>
                <field name="cookie_position" type="list" default="" label="PLG_SYSTEM_KICKGDPR_COOKIE_POSITION_LABEL"
                       description="PLG_SYSTEM_KICKGDPR_COOKIE_POSITION_DESC">
                    <option value="">PLG_SYSTEM_KICKGDPR_OPTION_POSITION_BANNER_BOTTOM</option>
                    <option value="top">PLG_SYSTEM_KICKGDPR_OPTION_POSITION_BANNER_TOP</option>
                    <option value="top static">PLG_SYSTEM_KICKGDPR_OPTION_POSITION_BANNER_TOP_STATIC</option>
                    <option value="bottom-left">PLG_SYSTEM_KICKGDPR_OPTION_POSITION_BANNER_FLOATING_LEFT</option>
                    <option value="bottom-right">PLG_SYSTEM_KICKGDPR_OPTION_POSITION_BANNER_FLOATING_RIGHT</option>
                </field>
                <field name="cookie_layout"
                       type="radio"
                       class="btn-group"
                       default="block"
                       label="PLG_SYSTEM_KICKGDPR_COOKIE_LAYOUT_LABEL"
                       description="PLG_SYSTEM_KICKGDPR_COOKIE_LAYOUT_DESC">
                    <option value="block">Block</option>
                    <option value="classic">Classic</option>
                    <option value="edgeless">Edgeless</option>
                    <option value="wire">Wire</option>
                </field>
                <field
                        name="cookie_palette"
                        type="spacer"
                        label="PLG_SYSTEM_KICKGDPR_SPACER_PALETTE"
                />
                <field
                        name="banner_color"
                        type="color"
                        label="PLG_SYSTEM_KICKGDPR_BANNER_COLOR_LABEL"
                        description="PLG_SYSTEM_KICKGDPR_BANNER_COLOR_DESC"
                        default="#000000"
                />
                <field
                        name="banner_text"
                        type="color"
                        label="PLG_SYSTEM_KICKGDPR_BANNER_TEXT_COLOR_LABEL"
                        description="PLG_SYSTEM_KICKGDPR_BANNER_TEXT_COLOR_DESC"
                        default="#FFFFFF"
                />
                <field
                        name="button_color"
                        type="color"
                        label="PLG_SYSTEM_KICKGDPR_BUTTON_COLOR_LABEL"
                        description="PLG_SYSTEM_KICKGDPR_BUTTON_COLOR_DESC"
                        default="#F1D600"
                />
                <field
                        name="button_text"
                        type="color"
                        label="PLG_SYSTEM_KICKGDPR_BUTTON_TEXT_COLOR_LABEL"
                        description="PLG_SYSTEM_KICKGDPR_BUTTON_TEXT_COLOR_DESC"
                        default="#000000"
                />
                <field
                        name="cookie_learn_more"
                        type="spacer"
                        label="PLG_SYSTEM_KICKGDPR_SPACER_LEARNMORE"
                />
                <field name="lang_links" type="subform" formsource="plugins/system/kickgdpr/langlinks.xml" min="1" max="99" multiple="true" layout="joomla.form.field.subform.repeatable" groupByFieldset="true" label="PLG_SYSTEM_KICKGDPR_LANG_LINKS_LABEL" description="PLG_SYSTEM_KICKGDPR_LANG_LINKS_DESC" />
                <field name="imprint_links" type="subform" formsource="plugins/system/kickgdpr/langlinks.xml" min="0" max="99" multiple="true" layout="joomla.form.field.subform.repeatable" groupByFieldset="true" label="PLG_SYSTEM_KICKGDPR_IMPRINT_LINKS_LABEL" description="PLG_SYSTEM_KICKGDPR_IMPRINT_LINKS_DESC" />
                <field
                        name="compliance_spacer"
                        type="spacer"
                        label="PLG_SYSTEM_KICKGDPR_COMPLIANCE_SPACER_TEXT"
                />
                <field name="compliance_type"
                       type="radio"
                       class="btn-group"
                       default=""
                       label="PLG_SYSTEM_KICKGDPR_COMPLIANCE_TYPE_LABEL"
                       description="PLG_SYSTEM_KICKGDPR_COMPLIANCE_TYPE_DESC">
                    <option value="">JDEFAULT</option>
                    <option value="opt-out">PLG_SYSTEM_KICKGDPR_OPTION_OPTOUT</option>
                    <option value="opt-in">PLG_SYSTEM_KICKGDPR_OPTION_OPTIN</option>
                </field>
                <field
                        name="advanced_alert"
                        type="spacer"
                        label="PLG_SYSTEM_KICKGDPR_SPACER_ADVANCED_ALERT"
                        showon="compliance_type:opt-out[OR]compliance_type:opt-in"
                />
                <field name="page_refresh"
                       type="radio"
                       class="btn-group"
                       default="0"
                       label="PLG_SYSTEM_KICKGDPR_PAGE_REFRESH_LABEL"
                       description="PLG_SYSTEM_KICKGDPR_PAGE_REFRESH_DESC"
                       showon="compliance_type:opt-out[OR]compliance_type:opt-in"
                >
                    <option value="0">JNO</option>
                    <option value="1">JYES</option>
                </field>
                <field name="refresh_timeout"
                       type="text"
                       default="0"
                       label="PLG_SYSTEM_KICKGDPR_REFRESH_TIMEOUTE_LABEL"
                       description="PLG_SYSTEM_KICKGDPR_REFRESH_TIMEOUTE_DESC"
                       showon="page_refresh:1"
                />
                <field
                        name="cookie_custom_text"
                        type="spacer"
                        label="PLG_SYSTEM_KICKGDPR_SPACER_CUSTOM_TEXT"
                />
                <field name="message" type="text" class="input-xxlarge"
                       default="PLG_SYSTEM_KICKGDPR_MESSAGE_DEFAULT"
                       label="PLG_SYSTEM_KICKGDPR_MESSAGE_LABEL" description="PLG_SYSTEM_KICKGDPR_MESSAGE_DESC" translate_default="true" />
                <field name="dismiss" type="text" class="input-xxlarge" default="PLG_SYSTEM_KICKGDPR_DISMISS_DEFAULT"
                       label="PLG_SYSTEM_KICKGDPR_DISMISS_LABEL" description="PLG_SYSTEM_KICKGDPR_DISMISS_DESC" translate_default="true" />
                <field name="learnMore" type="text" class="input-xxlarge" default="PLG_SYSTEM_KICKGDPR_LEARNMORE_DEFAULT"
                       label="PLG_SYSTEM_KICKGDPR_LEARNMORE_LABEL" description="PLG_SYSTEM_KICKGDPR_LEARNMORE_DESC" translate_default="true" />
                <field name="imprintLinkText" type="text" class="input-xxlarge" default="PLG_SYSTEM_KICKGDPR_IMPRINTLINKTEXT_DEFAULT"
                       label="PLG_SYSTEM_KICKGDPR_IMPRINTLINKTEXT_LABEL" description="PLG_SYSTEM_KICKGDPR_IMPRINTLINKTEXT_DESC" translate_default="true" />
                <field
                        name="advanced_default_value"
                        type="spacer"
                        label="PLG_SYSTEM_KICKGDPR_SPACER_ADVANCED_DEFAULT_VALUE"
                        showon="compliance_type:opt-out[OR]compliance_type:opt-in"
                />
                <field name="denybutton" type="text" class="input-xxlarge" default="PLG_SYSTEM_KICKGDPR_DENYBUTTON_DEFAULT"
                       label="PLG_SYSTEM_KICKGDPR_DENYBUTTON_LABEL"
                       description="PLG_SYSTEM_KICKGDPR_DENYBUTTON_DESC"
                       showon="compliance_type:opt-out"
                       translate_default="true"
                />
                <field name="acceptbutton" type="text" class="input-xxlarge" default="PLG_SYSTEM_KICKGDPR_ACCEPTBUTTON_DEFAULT"
                       label="PLG_SYSTEM_KICKGDPR_ACCEPTBUTTON_LABEL"
                       description="PLG_SYSTEM_KICKGDPR_ACCEPTBUTTON_DESC"
                       showon="compliance_type:opt-in"
                       translate_default="true"
                />
            </fieldset>
            <fieldset name="customcss" label="PLG_SYSTEM_KICKGDPR_TAB_CUSTOMCSS">
                <field type="kickdonation" name="kickdonation_customcss"/>
                <field
                        name="customcss_spacer"
                        type="spacer"
                        label="PLG_SYSTEM_KICKGDPR_TAB_CUSTOMCSS_DESC"
                />
                <!-- Custom Code -->
                <field name="customcss"
                       class=""
                       type="textarea"
                       label="PLG_SYSTEM_KICKGDPR_PARAMETER_CUSTOMCSS_LABEL"
                       description="PLG_SYSTEM_KICKGDPR_PARAMETER_CUSTOMCSS_DESC"
                       cols="25"
                       rows="5"
                />
            </fieldset>
            <fieldset name="analytics" label="PLG_SYSTEM_KICKGDPR_TAB_ANALYTICS">
                <field type="kickdonation" name="kickdonation_analytics"/>
                <field
                        name="ga_spacer"
                        type="spacer"
                        label="PLG_SYSTEM_KICKGDPR_TAB_ANALYTICS_DESC"
                />
                <!-- GOOGLE ANALYTICS CODE-->
                <field name="ga_code"
                       class=""
                       type="text"
                       default=""
                       label="PLG_SYSTEM_KICKGDPR_PARAMETER_GOOGLEANALYTICS_CODE_LABEL"
                       description="PLG_SYSTEM_KICKGDPR_PARAMETER_GOOGLEANALYTICS_CODE_DESC"
                />

                <field name="ga_displayfeatures"
                       type="radio"
                       class="btn-group"
                       default="0"
                       label="PLG_SYSTEM_KICKGDPR_PARAMETER_GA_DISPLAYFEATURES_LABEL"
                       description="PLG_SYSTEM_KICKGDPR_PARAMETER_GA_DISPLAYFEATURES_DESC"
                >
                    <option value="0">JNO</option>
                    <option value="1">JYES</option>
                </field>

                <field name="ga_anonymizeIp"
                       type="radio"
                       class="btn-group"
                       default="1"
                       label="PLG_SYSTEM_KICKGDPR_PARAMETER_GA_ANONYMIZEIP_LABEL"
                       description="PLG_SYSTEM_KICKGDPR_PARAMETER_GA_ANONYMIZEIP_DESC"
                >
                    <option value="0">JNO</option>
                    <option value="1">JYES</option>
                </field>

                <field name="ga_forceSSL"
                       type="radio"
                       class="btn-group"
                       default="1"
                       label="PLG_SYSTEM_KICKGDPR_PARAMETER_GA_FORCESSL_LABEL"
                       description="PLG_SYSTEM_KICKGDPR_PARAMETER_GA_FORCESSL_DESC"
                >
                    <option value="0">JNO</option>
                    <option value="1">JYES</option>
                </field>

                <field name="ga_linkid"
                       type="radio"
                       class="btn-group"
                       default="0"
                       label="PLG_SYSTEM_KICKGDPR_PARAMETER_GA_LINKID_LABEL"
                       description="PLG_SYSTEM_KICKGDPR_PARAMETER_GA_LINKID_DESC"
                >
                    <option value="0">JNO</option>
                    <option value="1">JYES</option>
                </field>
            </fieldset>
            <fieldset name="gtm" label="PLG_SYSTEM_KICKGDPR_TAB_GTM">
                <field type="kickdonation" name="kickdonation_GTM"/>
                <!-- Google Tag Manager -->
                <field name="gtm_id"
                       class=""
                       type="text"
                       default="GTM-1234"
                       label="PLG_SYSTEM_KICKGDPR_PARAMETER_GTM_ID_LABEL"
                       description="PLG_SYSTEM_KICKGDPR_PARAMETER_GTM_ID_DESC"
                />
            </fieldset>
            <fieldset name="manalytics" label="PLG_SYSTEM_KICKGDPR_TAB_MANALYTICS">
                <field type="kickdonation" name="kickdonation_manalytics"/>
                <field
                        name="ga_spacer"
                        type="spacer"
                        label="PLG_SYSTEM_KICKGDPR_TAB_MANALYTICS_DESC"
                />
                <!-- MATOMO ANALYTICS CODE-->
                <field name="ma_url"
                       class=""
                       type="text"
                       default=""
                       label="PLG_SYSTEM_KICKGDPR_PARAMETER_MANALYTICS_URL_LABEL"
                       description="PLG_SYSTEM_KICKGDPR_PARAMETER_MANALYTICS_URL_DESC"
                />

                <field name="ma_siteid"
                       class=""
                       type="text"
                       default=""
                       label="PLG_SYSTEM_KICKGDPR_PARAMETER_MANALYTICS_SITEID_LABEL"
                       description="PLG_SYSTEM_KICKGDPR_PARAMETER_MANALYTICS_SITEID_DESC"
                />

                <field name="ma_domain"
                       class=""
                       type="text"
                       default=""
                       label="PLG_SYSTEM_KICKGDPR_PARAMETER_MANALYTICS_DOMAIN_LABEL"
                       description="PLG_SYSTEM_KICKGDPR_PARAMETER_MANALYTICS_DOMAIN_DESC"
                />

                <field name="ma_setdomaincookie"
                       type="radio"
                       class="btn-group"
                       default="0"
                       label="PLG_SYSTEM_KICKGDPR_PARAMETER_SC_MANALYTICS_LABEL"
                       description="PLG_SYSTEM_KICKGDPR_PARAMETER_SC_MANALYTICS_DESC"
                >
                    <option value="0">JNO</option>
                    <option value="1">JYES</option>
                </field>

                <field name="ma_setdocumenttitle"
                       type="radio"
                       class="btn-group"
                       default="0"
                       label="PLG_SYSTEM_KICKGDPR_PARAMETER_SDT_MANALYTICS_LABEL"
                       description="PLG_SYSTEM_KICKGDPR_PARAMETER_SDT_MANALYTICS_DESC"
                >
                    <option value="0">JNO</option>
                    <option value="1">JYES</option>
                </field>

                <field name="ma_setdomains"
                       type="radio"
                       class="btn-group"
                       default="0"
                       label="PLG_SYSTEM_KICKGDPR_PARAMETER_SD_MANALYTICS_LABEL"
                       description="PLG_SYSTEM_KICKGDPR_PARAMETER_SD_MANALYTICS_DESC"
                >
                    <option value="0">JNO</option>
                    <option value="1">JYES</option>
                </field>

                <field name="ma_tracknoscript"
                       type="radio"
                       class="btn-group"
                       default="0"
                       label="PLG_SYSTEM_KICKGDPR_PARAMETER_TNS_MANALYTICS_LABEL"
                       description="PLG_SYSTEM_KICKGDPR_PARAMETER_TNS_MANALYTICS_DESC"
                >
                    <option value="0">JNO</option>
                    <option value="1">JYES</option>
                </field>

                <field name="ma_clientdonottrack"
                       type="radio"
                       class="btn-group"
                       default="0"
                       label="PLG_SYSTEM_KICKGDPR_PARAMETER_CDNT_MANALYTICS_LABEL"
                       description="PLG_SYSTEM_KICKGDPR_PARAMETER_CDNT_MANALYTICS_DESC"
                >
                    <option value="0">JNO</option>
                    <option value="1">JYES</option>
                </field>
                <field name="ma_disablealltrack"
                       type="radio"
                       class="btn-group"
                       default="0"
                       label="PLG_SYSTEM_KICKGDPR_PARAMETER_DAT_MANALYTICS_LABEL"
                       description="PLG_SYSTEM_KICKGDPR_PARAMETER_DAT_MANALYTICS_DESC"
                >
                    <option value="0">JNO</option>
                    <option value="1">JYES</option>
                </field>
                <field name="ma_iframecode"
                       class=""
                       type="textarea"
                       label="PLG_SYSTEM_KICKGDPR_PARAMETER_IFRAMECODE_MANALYTICS_LABEL"
                       description="PLG_SYSTEM_KICKGDPR_PARAMETER_IFRAMECODE_MANALYTICS_DESC"
                       cols="25"
                       rows="5"
                       filter="raw"
                />
            </fieldset>
            <fieldset name="facebookpixel" label="PLG_SYSTEM_KICKGDPR_TAB_FACEBOOKPIXEL">
                <field type="kickdonation" name="kickdonation_facebookpixel"/>
                <field
                        name="facebookpixel_spacer"
                        type="spacer"
                        label="PLG_SYSTEM_KICKGDPR_TAB_FACEBOOKPIXEL_DESC"
                />
                <!-- Facebook-Pixel-ID -->
                <field name="pixel_id"
                       class=""
                       type="text"
                       default=""
                       label="PLG_SYSTEM_KICKGDPR_PARAMETER_PIXEL_ID_LABEL"
                       description="PLG_SYSTEM_KICKGDPR_PARAMETER_PIXEL_ID_DESC"
                />
                <field
                        name="fb_pixel_standard_events_spacer"
                        type="spacer"
                        label="PLG_SYSTEM_KICKGDPR_TAB_FACEBOOKPIXEL_STANDARD_EVENTS_DESC"
                />
                <field name="fb_pageview"
                       type="radio"
                       class="btn-group"
                       default="1"
                       label="PLG_SYSTEM_KICKGDPR_PARAMETER_PIXEL_PAGEVIEW_LABEL"
                       description="PLG_SYSTEM_KICKGDPR_PARAMETER_PIXEL_PAGEVIEW_DESC"
                >
                    <option value="0">JNO</option>
                    <option value="1">JYES</option>
                </field>
                <field name="fb_viewcontent"
                       type="radio"
                       class="btn-group"
                       default="0"
                       label="PLG_SYSTEM_KICKGDPR_PARAMETER_PIXEL_VIEWCONTENT_LABEL"
                       description="PLG_SYSTEM_KICKGDPR_PARAMETER_PIXEL_VIEWCONTENT_DESC"
                >
                    <option value="0">JNO</option>
                    <option value="1">JYES</option>
                </field>
                <field name="fb_search"
                       type="radio"
                       class="btn-group"
                       default="0"
                       label="PLG_SYSTEM_KICKGDPR_PARAMETER_PIXEL_SEARCH_LABEL"
                       description="PLG_SYSTEM_KICKGDPR_PARAMETER_PIXEL_SEARCH_DESC"
                >
                    <option value="0">JNO</option>
                    <option value="1">JYES</option>
                </field>
                <field name="fb_contact"
                       type="radio"
                       class="btn-group"
                       default="0"
                       label="PLG_SYSTEM_KICKGDPR_PARAMETER_PIXEL_CONTACT_LABEL"
                       description="PLG_SYSTEM_KICKGDPR_PARAMETER_PIXEL_CONTACT_DESC"
                >
                    <option value="0">JNO</option>
                    <option value="1">JYES</option>
                </field>
                <field name="fb_lead"
                       type="radio"
                       class="btn-group"
                       default="0"
                       label="PLG_SYSTEM_KICKGDPR_PARAMETER_PIXEL_LEAD_LABEL"
                       description="PLG_SYSTEM_KICKGDPR_PARAMETER_PIXEL_LEAD_DESC"
                >
                    <option value="0">JNO</option>
                    <option value="1">JYES</option>
                </field>
                <field name="fb_submitapplication"
                       type="radio"
                       class="btn-group"
                       default="0"
                       label="PLG_SYSTEM_KICKGDPR_PARAMETER_PIXEL_SUBMITAPPLICATION_LABEL"
                       description="PLG_SYSTEM_KICKGDPR_PARAMETER_PIXEL_SUBMITAPPLICATION_DESC"
                >
                    <option value="0">JNO</option>
                    <option value="1">JYES</option>
                </field>
                <field name="fb_schedule"
                       type="radio"
                       class="btn-group"
                       default="0"
                       label="PLG_SYSTEM_KICKGDPR_PARAMETER_PIXEL_SCHEDULE_LABEL"
                       description="PLG_SYSTEM_KICKGDPR_PARAMETER_PIXEL_SCHEDULE_DESC"
                >
                    <option value="0">JNO</option>
                    <option value="1">JYES</option>
                </field>
                <field name="fb_findlocation"
                       type="radio"
                       class="btn-group"
                       default="0"
                       label="PLG_SYSTEM_KICKGDPR_PARAMETER_PIXEL_FINDLOCATION_LABEL"
                       description="PLG_SYSTEM_KICKGDPR_PARAMETER_PIXEL_FINDLOCATION_DESC"
                >
                    <option value="0">JNO</option>
                    <option value="1">JYES</option>
                </field>
            </fieldset>
            <fieldset name="customcode" label="PLG_SYSTEM_KICKGDPR_TAB_CUSTOMCODE">
                <field type="kickdonation" name="kickdonation_customcode"/>
                <field
                        name="customcode_spacer"
                        type="spacer"
                        label="PLG_SYSTEM_KICKGDPR_TAB_CUSTOMCODE_DESC"
                />
                <!-- Custom Code -->
                <field name="customcode"
                       class=""
                       type="textarea"
                       label="PLG_SYSTEM_KICKGDPR_PARAMETER_CUSTOMCODE_LABEL"
                       description="PLG_SYSTEM_KICKGDPR_PARAMETER_CUSTOMCODE_DESC"
                       cols="25"
                       rows="5"
                />
            </fieldset>
            <fieldset name="support" label="PLG_SYSTEM_KICKGDPR_TAB_SUPPORT">
              <field type="kickdonation" name="kickdonation_support"/>
                <field name="support_spacer"
                       type="spacer"
                       label="PLG_SYSTEM_KICKGDPR_TAB_SUPPORT_DESC"
                />
            </fieldset>
            <fieldset name="changelogs" label="PLG_SYSTEM_KICKGDPR_TAB_CHANGELOGS">
                <field type="kickchangelog" name="kickchangelog_changelogs"/>
            </fieldset>
        </fields>
    </config>
    <updateservers>
        <server type="extension" priority="1" name="System Plugin KickGDPR">
            https://update.kicktemp.com/joomla/plugins/plg_system_kickgdpr/update.xml
        </server>
    </updateservers>
</extension>
