<?xml version="1.0" encoding="utf-8"?>
<!DOCTYPE install PUBLIC "-//Joomla! 2.5//DTD template 1.0//EN" "http://www.joomla.org/xml/dtd/2.5/template-install.dtd">
<extension version="3.1" type="template" client="site" method="upgrade">
    <name>bootstrap4</name>
    <version>1.10</version>
    <creationDate>May 2018</creationDate>
    <author>sniggle.me</author>
    <authorEmail>jochen@sniggle.me</authorEmail>
    <copyright>Copyright (C) 2018 sniggle.me. All rights reserved.</copyright>
    <description>TPL_BOOTSTRAP4_XML_DESCRIPTION</description>
    <files>
        <filename>component.php</filename>
        <filename>error.php</filename>
        <filename>favicon.ico</filename>
        <filename>index.php</filename>
        <filename>templateDetails.xml</filename>
        <filename>template_preview.png</filename>
        <filename>template_thumbnail.png</filename>
        <folder>css</folder>
        <folder>fonts</folder>
        <folder>html</folder>
        <folder>images</folder>
        <folder>js</folder>
        <folder>language</folder>
    </files>
    <positions>
        <position>banner</position>
        <position>debug</position>
        <position>breadcrumbs</position>
        <position>sidebar-left</position>
        <position>sidebar-right</position>
        <position>navbar-1</position>
        <position>navbar-2</position>
        <position>contributors</position>
        <position>position-6</position>
        <position>position-7</position>
        <position>position-8</position>
        <position>position-9</position>
        <position>position-10</position>
        <position>position-11</position>
        <position>position-12</position>
        <position>position-13</position>
        <position>position-14</position>
        <position>footer</position>
    </positions>
    <languages folder="language">
        <language tag="de-DE">de-DE/de-DE.tpl_bootstrap4.ini</language>
        <language tag="de-DE">de-DE/de-DE.tpl_bootstrap4.sys.ini</language>
        <language tag="en-GB">en-GB/en-GB.tpl_bootstrap4.ini</language>
        <language tag="en-GB">en-GB/en-GB.tpl_bootstrap4.sys.ini</language>
        <language tag="es-ES">es-ES/es-ES.tpl_bootstrap4.ini</language>
        <language tag="es-ES">es-ES/es-ES.tpl_bootstrap4.sys.ini</language>
        <language tag="nl-NL">nl-NL/nl-NL.tpl_bootstrap4.ini</language>
        <language tag="nl-NL">nl-NL/nl-NL.tpl_bootstrap4.sys.ini</language>
        <language tag="ru-RU">ru-RU/ru-RU.tpl_bootstrap4.ini</language>
        <language tag="ru-RU">ru-RU/ru-RU.tpl_bootstrap4.sys.ini</language>
        <language tag="sk-SK">sk-SK/sk-SK.tpl_bootstrap4.ini</language>
        <language tag="sk-SK">sk-SK/sk-SK.tpl_bootstrap4.sys.ini</language>
    </languages>
    <config>
        <fields name="params">
            <fieldset name="advanced">
                <field name="sitedescription"  type="text" default=""
					label="JGLOBAL_DESCRIPTION"
					description="JGLOBAL_SUBHEADING_DESC"
					filter="string" />
                <field name="favicon" class="" type="text" default=""
					label="TPL_BOOTSTRAP4_FAVICON"
					description="TPL_BOOTSTRAP4_FAVICON_DESC" />
                <field name="customcss" class="" type="text" default=""
					label="TPL_BOOTSTRAP4_CUSTOMCSS"
					description="TPL_BOOTSTRAP4_CUSTOMCSS_DESC" />
		<field name="fluidContainer"
					type="radio"
					label="TPL_BOOTSTRAP4_FLUID_LABEL"
					description="TPL_BOOTSTRAP4_FLUID_DESC"
					class="btn-group btn-group-yesno"
					default="0"
					>
					<option value="1">TPL_BOOTSTRAP4_FLUID</option>
					<option value="0">TPL_BOOTSTRAP4_STATIC</option>
				</field>
            </fieldset>
        </fields>
    </config>
</extension>
