<?xml version="1.0" encoding="utf-8"?>
<extension type="module" version="3.9.0" client="site" method="upgrade">
	<name>mod_rca_imagecontent</name>
	<author>RcaTheme.com</author>
	<creationDate>November, 2019</creationDate>
	<copyright>Copyright (C) 2012 - 2019 www.rcatheme.com, All rights reserved.</copyright>
	<license>GNU General Public License version 2 or later</license>
	<authorEmail>support@rcatheme.com</authorEmail>
	<authorUrl>www.rcatheme.com</authorUrl>
	<version>1.0.0</version>
	<description><![CDATA[RCA Image Content Module, By <a href="https://www.rcatheme.com" target="_blank">RcaTheme.com</a><br><span class="r-admin-ratingr" style="display:none;">Was this helpful for you? If yes, please give it a 5 star rating on JED here <a href="https://extensions.joomla.org/profile/profile/details/527972/" target="_blank">https://extensions.joomla.org/profile/profile/details/527972/</a>.</span><link href="../modules/mod_rca_imagecontent/assets/admin.css" rel="stylesheet">]]></description>

	<files>
		<filename module="mod_rca_imagecontent">mod_rca_imagecontent.php</filename>
		<filename>index.html</filename>
		<folder>tmpl</folder>
		<folder>language</folder>
		<folder>assets</folder>
	</files>

	<languages>
		<language tag="en-GB">language/en-GB/en-GB.mod_rca_imagecontent.ini</language>
		<language tag="en-GB">language/en-GB/en-GB.mod_rca_imagecontent.sys.ini</language>
	</languages>

	<config>
		<fields name="params">
			<fieldset name="basic">
				<field
					name="pretext"
					type="textarea"
					rows="3"
					label="MOD_RCA_IMAGECONTENT_PRETEXT"
					filter="raw"
				/>
				<field
					name="posttext"
					type="textarea"
					rows="3"
					label="MOD_RCA_IMAGECONTENT_POSTTEXT"
					filter="raw"
				/>
				<field
					name="widthType"
					type="list"
					default="same"
					description="If you select 'Wider Image', then Image will show wider than Texts. If you select 'Wider Text', then Texts will show wider than Image."
					label="Text and Image Width"
					>
					<option value="same">Same Width</option>
					<option value="img">Wider Image</option>
					<option value="txt">Wider Text</option>
				</field>
				<field
					name="contentPosition"
					type="list"
					default="txt-left"
					label="Text and Image Position"
					>
					<option value="txt-left">Text on Left</option>
					<option value="img-left">Image on Left</option>
				</field>
				<field name="centerVertically"
					type="radio"
					default="1"
					class="btn-group btn-group-yesno"
					label="Center Vertically?"
					>
					<option value="1">JYES</option>
					<option value="0">JNO</option>
				</field>
				<field name="note_img" type="note" class="alert alert-info r-admin-info" label="Image - Options" />
				<field name="rImg" type="media" label="Select Image" />
				<field name="imgAlt" type="text" label="Image ALT Text" />
				<field name="rUrl" type="text" label="Link URL (optional)" description="If you want to add link on this image. It won't affect on your texts below." />
				<field
					name="linkTarget"
					type="list"
					default="3"
					label="Open link in"
					>
					<option value="_self">Same Window</option>
					<option value="_blank">New Window</option>
				</field>
				<field name="note_txts" type="note" class="alert alert-info r-admin-info" label="Texts - Option" />
				<field
					name="rTexts"
					type="editor"
					label="Texts"
					description=""
					width="500"
					filter="safehtml"
				/>
			</fieldset>

			<fieldset name="advanced">
				<field
					name="layout"
					type="modulelayout"
					label="JFIELD_ALT_LAYOUT_LABEL"
				/>
				<field
					name="moduleclass_sfx"
					type="textarea"
					label="COM_MODULES_FIELD_MODULECLASS_SFX_LABEL"
					rows="3"
				/>
				<field
					name="cache"
					type="list"
					label="COM_MODULES_FIELD_CACHING_LABEL"
					default="1"
					>
					<option value="1">JGLOBAL_USE_GLOBAL</option>
					<option value="0">COM_MODULES_FIELD_VALUE_NOCACHING</option>
				</field>
				<field
					name="cache_time"
					type="number"
					label="COM_MODULES_FIELD_CACHE_TIME_LABEL"
					default="900"
				/>
				<field
					name="cachemode"
					type="hidden"
					default="static"
					>
					<option value="static"></option>
				</field>
			</fieldset>
		</fields>
	</config>

	<updateservers>
		<server type="extension" name="RCA Image Content"><![CDATA[https://www.rcatheme.com/updates/rca_imagecontent.xml]]></server>
	</updateservers>
</extension>
