{"logo_type":"image","logo_text":"Vhost","logo_image":"","logo_alt":"","mobile_logo":"","logo_height":"30px","logo_height_sm":"","logo_height_xs":"","logo_tooltip":"","favicon":"","toolbar_maxwidth":"default","topbar_padding_top":"10px","topbar_padding_bottom":"10px","toolbar_font_size":"14px","toolbar_visibility":"inherit","predefined_header":"1","header_style":"style-3","overlay_header":"","header_alignment":"","header_maxwidth":"default","header_height":"82px","header_navbar":"2","header_menu_options":"","headerbar_top_padding":"20px","headerbar_bottom_padding":"20px","header_stacked_margin":"20px","header_offcanvas_mode":"slide","header_offcanvas_overlay":"enable","header_toggle_text":"show","header_offcanvas_flip":"1","header_menu_horizontally":"1","search_position":"header","search_style":"modal","social_pos":"toolbar-left","facebook":"","twitter":"#","tiktok":"","twitch":"","discord":"","telegram":"","linkedin":"#","dribbble":"#","instagram":"#","behance":"","youtube":"","skype":"","whatsapp":"","vk":"","custom":"","social_icons_gap":"small","social_icons_size":"","mobile_breakpoint_options":"m","mobile_navbar_options":"0","mobile_logo_options":"center","mobile_toggle_options":"left","mobile_menu_options":"","mobile_animations":"offcanvas","mobile_dropdown_mode":"slide","mobile_offcanvas_mode":"push","page_title_maxwidth":"default","page_title_padding":"","page_title_bg_image":"","page_title_background_size":"cover","page_title_bg_position":"center-center","page_title_bg_visibility":"","page_title_bg_blendmode":"overlay","page_title_bg_color":"#8bc34a","page_title_tyle":"light","page_title_align":"","boxed_center":"1","transparent_header":"","body_bg_image":"","body_image_size":"","body_image_position":"center-center","body_image_effect":"","body_parallax_bgx_start":"","body_parallax_bgx_end":"","body_parallax_bgy_start":"","body_parallax_bgy_end":"","body_parallax_easing":"","body_parallax_breakpoint":"","body_image_visibility":"","body_bg_color":"#f0f0f0","enabled_copyright":"1","copyright_position":"footer1","copyright_load_pos":"default","copyright":"\u00a9 {year} Your Company. Designed by <a href=\"https:\/\/warptheme.com\/\">WarpTheme<\/a>","contact_pos":"toolbar-right","contact_location":"","contact_email":"hello@example.com","contact_phone":"+228 872 4444","contact_time":"Mon - Fri: 9:00 - 19:00 \/ Closed on Weekends","contact_custom":"","comingsoon_title":"Industry & Factory","comingsoon_content":"It's going to be amazing!","comingsoon_date":"2020-12-04","comingsoon_logo":"","comingsoon_bg_image":"","comingsoon_title_background_size":"cover","comingsoon_title_bg_position":"center-center","comingsoon_title_bg_blendmode":"soft-light","comingsoon_title_bg_color":"#8bc34a","comingsoon_title_tyle":"light","comingsoon_social_icons":"1","error_logo":"","error_bg":"","error_title_background_size":"cover","error_title_bg_position":"center-center","error_title_bg_blendmode":"","error_title_bg_color":"#8bc34a","error_title_tyle":"light","presets-data":"{\"preset1\":{\"label\":\"Preset 1\",\"default\":\"#8bc34a\",\"description\":\"\",\"data\":{\"text_color\":\"#3f485d\",\"bg_color\":\"#FFFFFF\",\"link_color\":\"#8bc34a\",\"link_hover_color\":\"#8bc34a\",\"topbar_bg_color\":\"#2a363f\",\"topbar_text_color\":\"#FFFFFF\",\"topbar_link_color\":\"#838383\",\"topbar_link_hover_color\":\"#ffffff\",\"header_top_bg_color\":\"#FFFFFF\",\"header_bg_color\":\"#FFFFFF\",\"header_bottom_bg_color\":\"#FFFFFF\",\"logo_text_color\":\"#2a363f\",\"header_bg_mobile_color\":\"#FFFFFF\",\"logo_text_mobile_color\":\"#020d26\",\"toggle_mobile_color\":\"#020d26\",\"toggle_mobile_hover_color\":\"#666666\",\"menu_text_color\":\"#020d26\",\"menu_text_hover_color\":\"#8bc34a\",\"menu_text_active_color\":\"#8bc34a\",\"menu_dropdown_bg_color\":\"#FFFFFF\",\"menu_dropdown_text_color\":\"#020d26\",\"menu_dropdown_text_hover_color\":\"#8bc34a\",\"menu_dropdown_text_active_color\":\"#8bc34a\",\"bottom_bg_color\":\"#2a363f\",\"bottom_title_color\":\"#ffffff\",\"bottom_text_color\":\"#ffffff\",\"bottom_link_color\":\"#c4c4c4\",\"bottom_link_hover_color\":\"#FFFFFF\",\"footer_bg_color\":\"#2a363f\",\"footer_text_color\":\"#d6d5d5\",\"footer_link_color\":\"#d6d5d5\",\"footer_link_hover_color\":\"#ffffff\",\"preset\":\"preset1\"}},\"preset2\":{\"label\":\"Preset 2\",\"default\":\"#6852ed\",\"description\":\"\",\"data\":{\"text_color\":\"#3f485d\",\"bg_color\":\"#FFFFFF\",\"link_color\":\"#6852ed\",\"link_hover_color\":\"#6852ed\",\"topbar_bg_color\":\"#2a363f\",\"topbar_text_color\":\"#FFFFFF\",\"header_top_bg_color\":\"#FFFFFF\",\"header_bg_color\":\"#FFFFFF\",\"header_bottom_bg_color\":\"#FFFFFF\",\"logo_text_color\":\"#2a363f\",\"header_bg_mobile_color\":\"#FFFFFF\",\"logo_text_mobile_color\":\"#020d26\",\"toggle_mobile_color\":\"#020d26\",\"toggle_mobile_hover_color\":\"#666666\",\"menu_text_color\":\"#020d26\",\"menu_text_hover_color\":\"#6852ed\",\"menu_text_active_color\":\"#6852ed\",\"menu_dropdown_bg_color\":\"#FFFFFF\",\"menu_dropdown_text_color\":\"#020d26\",\"menu_dropdown_text_hover_color\":\"#6852ed\",\"menu_dropdown_text_active_color\":\"#6852ed\",\"bottom_bg_color\":\"#2a363f\",\"bottom_title_color\":\"#ffffff\",\"bottom_text_color\":\"#ffffff\",\"bottom_link_color\":\"#c4c4c4\",\"bottom_link_hover_color\":\"#FFFFFF\",\"footer_bg_color\":\"#2a363f\",\"footer_text_color\":\"#d6d5d5\",\"footer_link_color\":\"#d6d5d5\",\"footer_link_hover_color\":\"#ffffff\",\"preset\":\"preset2\"}},\"preset3\":{\"label\":\"Preset 3\",\"default\":\"#C85F4A\",\"description\":\"\",\"data\":{\"text_color\":\"#3f485d\",\"bg_color\":\"#FFFFFF\",\"link_color\":\"#C85F4A\",\"link_hover_color\":\"#C85F4A\",\"topbar_bg_color\":\"#2a363f\",\"topbar_text_color\":\"#FFFFFF\",\"topbar_link_color\":\"#838383\",\"topbar_link_hover_color\":\"#ffffff\",\"header_top_bg_color\":\"#FFFFFF\",\"header_bg_color\":\"#FFFFFF\",\"header_bottom_bg_color\":\"#FFFFFF\",\"logo_text_color\":\"#2a363f\",\"header_bg_mobile_color\":\"#FFFFFF\",\"logo_text_mobile_color\":\"#020d26\",\"toggle_mobile_color\":\"#020d26\",\"toggle_mobile_hover_color\":\"#666666\",\"menu_text_color\":\"#020d26\",\"menu_text_hover_color\":\"#C85F4A\",\"menu_text_active_color\":\"#C85F4A\",\"menu_dropdown_bg_color\":\"#FFFFFF\",\"menu_dropdown_text_color\":\"#020d26\",\"menu_dropdown_text_hover_color\":\"#C85F4A\",\"menu_dropdown_text_active_color\":\"#C85F4A\",\"bottom_bg_color\":\"#2a363f\",\"bottom_title_color\":\"#ffffff\",\"bottom_text_color\":\"#ffffff\",\"bottom_link_color\":\"#c4c4c4\",\"bottom_link_hover_color\":\"#FFFFFF\",\"footer_bg_color\":\"#2a363f\",\"footer_text_color\":\"#d6d5d5\",\"footer_link_color\":\"#d6d5d5\",\"footer_link_hover_color\":\"#ffffff\",\"preset\":\"preset3\"}},\"preset4\":{\"label\":\"Preset 4\",\"default\":\"#A45D5D\",\"description\":\"\",\"data\":{\"text_color\":\"#3f485d\",\"bg_color\":\"#FFFFFF\",\"link_color\":\"#A45D5D\",\"link_hover_color\":\"#A45D5D\",\"topbar_bg_color\":\"#2a363f\",\"topbar_text_color\":\"#FFFFFF\",\"topbar_link_color\":\"#838383\",\"topbar_link_hover_color\":\"#ffffff\",\"header_top_bg_color\":\"#FFFFFF\",\"header_bg_color\":\"#FFFFFF\",\"header_bottom_bg_color\":\"#FFFFFF\",\"logo_text_color\":\"#2a363f\",\"header_bg_mobile_color\":\"#FFFFFF\",\"logo_text_mobile_color\":\"#020d26\",\"toggle_mobile_color\":\"#020d26\",\"toggle_mobile_hover_color\":\"#666666\",\"menu_text_color\":\"#020d26\",\"menu_text_hover_color\":\"#A45D5D\",\"menu_text_active_color\":\"#A45D5D\",\"menu_dropdown_bg_color\":\"#FFFFFF\",\"menu_dropdown_text_color\":\"#020d26\",\"menu_dropdown_text_hover_color\":\"#A45D5D\",\"menu_dropdown_text_active_color\":\"#A45D5D\",\"bottom_bg_color\":\"#2a363f\",\"bottom_title_color\":\"#ffffff\",\"bottom_text_color\":\"#ffffff\",\"bottom_link_color\":\"#c4c4c4\",\"bottom_link_hover_color\":\"#FFFFFF\",\"footer_bg_color\":\"#2a363f\",\"footer_text_color\":\"#d6d5d5\",\"footer_link_color\":\"#d6d5d5\",\"footer_link_hover_color\":\"#ffffff\",\"preset\":\"preset4\"}}}","preset":"{\"footer_link_hover_color\":\"#ffffff\",\"footer_link_color\":\"#d6d5d5\",\"footer_text_color\":\"#d6d5d5\",\"footer_bg_color\":\"#2a363f\",\"bottom_link_hover_color\":\"#FFFFFF\",\"bottom_link_color\":\"#c4c4c4\",\"bottom_text_color\":\"#ffffff\",\"bottom_title_color\":\"#ffffff\",\"bottom_bg_color\":\"#2a363f\",\"menu_dropdown_text_active_color\":\"#8bc34a\",\"menu_dropdown_text_hover_color\":\"#8bc34a\",\"menu_dropdown_text_color\":\"#020d26\",\"menu_dropdown_bg_color\":\"#FFFFFF\",\"menu_text_active_color\":\"#8bc34a\",\"menu_text_hover_color\":\"#8bc34a\",\"menu_text_color\":\"#020d26\",\"toggle_mobile_hover_color\":\"#666666\",\"toggle_mobile_color\":\"#020d26\",\"logo_text_mobile_color\":\"#020d26\",\"header_bg_mobile_color\":\"#FFFFFF\",\"logo_text_color\":\"#2a363f\",\"header_bottom_bg_color\":\"#FFFFFF\",\"header_bg_color\":\"#FFFFFF\",\"header_top_bg_color\":\"#FFFFFF\",\"topbar_link_hover_color\":\"#ffffff\",\"topbar_link_color\":\"#838383\",\"topbar_text_color\":\"#FFFFFF\",\"topbar_bg_color\":\"#2a363f\",\"link_hover_color\":\"#8bc34a\",\"link_color\":\"#8bc34a\",\"bg_color\":\"#FFFFFF\",\"text_color\":\"#3f485d\",\"preset\":\"preset1\"}","text_color":"#3f485d","bg_color":"#ffffff","link_color":"#8bc34a","link_hover_color":"#8bc34a","topbar_bg_color":"#2a363f","topbar_text_color":"#ffffff","topbar_link_color":"#ffffff","topbar_link_hover_color":"#ffffff","header_top_bg_color":"#ffffff","header_bg_color":"#ffffff","header_bottom_bg_color":"#ffffff","logo_text_color":"#2a363f","header_bg_mobile_color":"#ffffff","logo_text_mobile_color":"#020d26","toggle_mobile_color":"#020d26","toggle_mobile_hover_color":"#666666","menu_text_color":"#020d26","menu_text_hover_color":"#8bc34a","menu_text_active_color":"#8bc34a","menu_dropdown_bg_color":"#ffffff","menu_dropdown_text_color":"#020d26","menu_dropdown_text_hover_color":"#8bc34a","menu_dropdown_text_active_color":"#8bc34a","bottom_bg_color":"#2a363f","bottom_title_color":"#ffffff","bottom_text_color":"#ffffff","bottom_link_color":"#c4c4c4","bottom_link_hover_color":"#ffffff","footer_bg_color":"#2a363f","footer_text_color":"#d6d5d5","footer_link_color":"#d6d5d5","footer_link_hover_color":"#ffffff","name":"","custom_class":"","padding":"","margin":"","layout":"[{\"type\":\"row\",\"layout\":12,\"settings\":{\"hide_on_desktop\":0,\"hide_on_small_desktop\":0,\"hide_on_tablet\":0,\"hide_on_large_phone\":0,\"hide_on_phone\":0,\"background_position\":\"\",\"background_attachment\":\"\",\"background_size\":\"\",\"background_repeat\":\"\",\"background_image\":\"\",\"background_color\":\"\",\"link_hover_color\":\"\",\"link_color\":\"\",\"color\":\"\",\"margin\":\"\",\"padding\":\"\",\"custom_class\":\"\",\"fluidrow\":1,\"name\":\"Page title\",\"hide_desktop\":0,\"hide_small_desktop\":0,\"hide_tablet\":0,\"hide_large_mobile\":1,\"hide_mobile\":1,\"hidden_xs\":0,\"hidden_sm\":0,\"hidden_md\":0},\"attr\":[{\"type\":\"sp_col\",\"settings\":{\"grid_size\":12,\"name\":\"title\",\"hidden_xs\":0,\"hidden_sm\":0,\"hidden_md\":0,\"sm_col\":\"\",\"xs_col\":\"\",\"custom_class\":\"\",\"column_type\":0}}]},{\"type\":\"row\",\"layout\":\"3+6+3\",\"settings\":{\"custom_class\":\"\",\"fluidrow\":0,\"margin\":\"\",\"padding\":\"\",\"hidden_md\":0,\"hidden_sm\":0,\"hidden_xs\":0,\"link_hover_color\":\"\",\"link_color\":\"\",\"color\":\"\",\"background_color\":\"\",\"name\":\"Main Body\"},\"attr\":[{\"type\":\"sp_col\",\"settings\":{\"sortableitem\":\"[object Object]\",\"column_type\":0,\"custom_class\":\"\",\"xs_col\":\"\",\"sm_col\":\"\",\"hidden_md\":0,\"hidden_sm\":0,\"hidden_xs\":0,\"name\":\"left\",\"grid_size\":3}},{\"type\":\"sp_col\",\"settings\":{\"sortableitem\":\"[object Object]\",\"column_type\":1,\"grid_size\":6,\"custom_class\":\"\",\"xs_col\":\"\",\"sm_col\":\"\",\"hidden_md\":0,\"hidden_sm\":0,\"hidden_xs\":0}},{\"type\":\"sp_col\",\"settings\":{\"sortableitem\":\"[object Object]\",\"custom_class\":\"\",\"xs_col\":\"\",\"sm_col\":\"\",\"hidden_md\":0,\"hidden_sm\":0,\"hidden_xs\":0,\"name\":\"right\",\"column_type\":0,\"grid_size\":3}}]},{\"type\":\"row\",\"layout\":\"3+3+3+3\",\"settings\":{\"hidden_md\":0,\"hidden_sm\":0,\"hidden_xs\":0,\"hide_on_desktop\":0,\"hide_on_small_desktop\":0,\"hide_on_tablet\":0,\"hide_on_large_phone\":0,\"hide_on_phone\":0,\"background_position\":\"\",\"background_attachment\":\"\",\"background_size\":\"\",\"background_repeat\":\"\",\"background_image\":\"\",\"background_color\":\"\",\"link_hover_color\":\"\",\"link_color\":\"\",\"color\":\"\",\"margin\":\"\",\"padding\":\"60px 0\",\"custom_class\":\"\",\"fluidrow\":0,\"name\":\"Bottom\"},\"attr\":[{\"type\":\"sp_col\",\"settings\":{\"hidden_xs\":0,\"hidden_sm\":0,\"hidden_md\":0,\"grid_size\":3,\"sortableitem\":\"[object Object]\",\"hide_on_desktop\":0,\"hide_on_small_desktop\":0,\"hide_on_tablet\":0,\"hide_on_large_phone\":0,\"hide_on_phone\":0,\"xs_col\":\"\",\"sm_col\":\"\",\"md_col\":\"\",\"xl_col\":\"\",\"custom_class\":\"\",\"name\":\"bottom1\",\"column_type\":0}},{\"type\":\"sp_col\",\"settings\":{\"hidden_md\":0,\"hidden_sm\":0,\"hidden_xs\":0,\"grid_size\":3,\"sortableitem\":\"[object Object]\",\"hide_on_desktop\":0,\"hide_on_small_desktop\":0,\"hide_on_tablet\":0,\"hide_on_large_phone\":0,\"hide_on_phone\":0,\"xs_col\":\"\",\"sm_col\":\"\",\"md_col\":\"\",\"xl_col\":\"\",\"custom_class\":\"\",\"name\":\"bottom2\",\"column_type\":0}},{\"type\":\"sp_col\",\"settings\":{\"grid_size\":3,\"sortableitem\":\"[object Object]\",\"hide_on_desktop\":0,\"hide_on_small_desktop\":0,\"hide_on_tablet\":0,\"hide_on_large_phone\":0,\"hide_on_phone\":0,\"xs_col\":\"\",\"sm_col\":\"\",\"md_col\":\"\",\"xl_col\":\"\",\"custom_class\":\"\",\"name\":\"bottom3\",\"column_type\":0}},{\"type\":\"sp_col\",\"settings\":{\"grid_size\":3,\"sortableitem\":\"[object Object]\",\"hide_on_desktop\":0,\"hide_on_small_desktop\":0,\"hide_on_tablet\":0,\"hide_on_large_phone\":0,\"hide_on_phone\":0,\"xs_col\":\"\",\"sm_col\":\"\",\"md_col\":\"\",\"xl_col\":\"\",\"custom_class\":\"\",\"name\":\"bottom4\",\"column_type\":0}}]},{\"type\":\"row\",\"layout\":\"6+6\",\"settings\":{\"name\":\"Footer\",\"fluidrow\":0,\"custom_class\":\"\",\"padding\":\"15px 0\",\"margin\":\"\",\"color\":\"\",\"link_color\":\"\",\"link_hover_color\":\"\",\"background_color\":\"\",\"background_image\":\"\",\"background_repeat\":\"\",\"background_size\":\"\",\"background_attachment\":\"\",\"background_position\":\"\",\"hide_on_phone\":0,\"hide_on_large_phone\":0,\"hide_on_tablet\":0,\"hide_on_small_desktop\":0,\"hide_on_desktop\":0,\"hidden_xs\":0,\"hidden_sm\":0,\"hidden_md\":0},\"attr\":[{\"type\":\"sp_col\",\"settings\":{\"sortableitem\":\"[object Object]\",\"grid_size\":6,\"column_type\":0,\"name\":\"footer1\",\"hidden_xs\":0,\"hidden_sm\":0,\"hidden_md\":0,\"sm_col\":\"\",\"xs_col\":\"\",\"custom_class\":\"\"}},{\"type\":\"sp_col\",\"settings\":{\"grid_size\":6,\"hidden_xs\":0,\"hidden_sm\":0,\"hidden_md\":0,\"column_type\":0,\"name\":\"footer2\",\"custom_class\":\"uk-text-right@s\",\"xl_col\":\"\",\"md_col\":\"\",\"sm_col\":\"\",\"xs_col\":\"\",\"hide_on_phone\":0,\"hide_on_large_phone\":0,\"hide_on_tablet\":0,\"hide_on_small_desktop\":0,\"hide_on_desktop\":0}}]}]","menu":"mainmenu","dropdown_width":"","menu_animation":"menu-animation-fade","offcanvas_menu":"mainmenu","offcanvas_max_level":"0","header_menu":"mainmenu","header_menu_style":"navbar","hd_menu_max_level":"0","toolbar_left_menu":"mainmenu","toolbar_right_menu":"mainmenu","enable_body_font":"1","hu-webfont-size-field":"","hu-webfont-size-field-sm":"","hu-webfont-size-field-xs":"","hu-font-letter-spacing-input":"","body_font":"{\"fontFamily\":\"Roboto\",\"fontSize\":\"16px\",\"fontSize_sm\":\"\",\"fontSize_xs\":\"\",\"fontWeight\":\"\",\"fontSubset\":\"latin-ext\",\"fontColor\":\"\",\"fontLineHeight\":\"\",\"fontLetterSpacing\":\"\",\"textDecoration\":\"none\",\"textAlign\":\"\"}","enable_h1_font":"1","h1_font":"{\"fontFamily\":\"Titillium Web\",\"fontSize\":\"\",\"fontSize_sm\":\"\",\"fontSize_xs\":\"\",\"fontWeight\":\"\",\"fontSubset\":\"latin\",\"fontColor\":\"\",\"fontLineHeight\":\"\",\"fontLetterSpacing\":\"\",\"textDecoration\":\"none\",\"textAlign\":\"\"}","enable_h2_font":"1","h2_font":"{\"fontFamily\":\"Titillium Web\",\"fontSize\":\"\",\"fontSize_sm\":\"\",\"fontSize_xs\":\"\",\"fontWeight\":\"\",\"fontSubset\":\"latin\",\"fontColor\":\"\",\"fontLineHeight\":\"\",\"fontLetterSpacing\":\"\",\"textDecoration\":\"none\",\"textAlign\":\"\"}","enable_h3_font":"1","h3_font":"{\"fontFamily\":\"Titillium Web\",\"fontSize\":\"\",\"fontSize_sm\":\"\",\"fontSize_xs\":\"\",\"fontWeight\":\"\",\"fontSubset\":\"latin\",\"fontColor\":\"\",\"fontLineHeight\":\"\",\"fontLetterSpacing\":\"\",\"textDecoration\":\"none\",\"textAlign\":\"\"}","enable_h4_font":"1","h4_font":"{\"fontFamily\":\"Titillium Web\",\"fontSize\":\"\",\"fontSize_sm\":\"\",\"fontSize_xs\":\"\",\"fontWeight\":\"\",\"fontSubset\":\"latin\",\"fontColor\":\"\",\"fontLineHeight\":\"\",\"fontLetterSpacing\":\"\",\"textDecoration\":\"none\",\"textAlign\":\"\"}","enable_h5_font":"1","h5_font":"{\"fontFamily\":\"Titillium Web\",\"fontSize\":\"\",\"fontSize_sm\":\"\",\"fontSize_xs\":\"\",\"fontWeight\":\"\",\"fontSubset\":\"latin\",\"fontColor\":\"\",\"fontLineHeight\":\"\",\"fontLetterSpacing\":\"\",\"textDecoration\":\"none\",\"textAlign\":\"\"}","enable_h6_font":"1","h6_font":"{\"fontFamily\":\"Titillium Web\",\"fontSize\":\"\",\"fontSize_sm\":\"\",\"fontSize_xs\":\"\",\"fontWeight\":\"\",\"fontSubset\":\"latin\",\"fontColor\":\"\",\"fontLineHeight\":\"\",\"fontLetterSpacing\":\"\",\"textDecoration\":\"none\",\"textAlign\":\"\"}","enable_navigation_font":"1","navigation_font":"{\"fontFamily\":\"Rubik\",\"fontSize\":\"16px\",\"fontSize_sm\":\"\",\"fontSize_xs\":\"\",\"fontWeight\":\"\",\"fontSubset\":\"latin-ext\",\"fontColor\":\"\",\"fontLineHeight\":\"\",\"fontLetterSpacing\":\"\",\"textDecoration\":\"none\",\"textAlign\":\"\"}","custom_font":"{\"fontFamily\":\"Arial\",\"fontSize\":\"\",\"fontSize_sm\":\"\",\"fontSize_xs\":\"\",\"fontWeight\":\"\",\"fontSubset\":\"\",\"fontColor\":\"\",\"fontLineHeight\":\"\",\"fontLetterSpacing\":\"\",\"textDecoration\":\"none\",\"textAlign\":\"\"}","custom_font_selectors":"","blog_list_grid_column_gap":"","blog_list_grid_row_gap":"","blog_list_breakpoint":"m","blog_parallax":"","image_margin":"default","image_transition":"","leading_blog_list_title":"h3","blog_list_title_link":"default","leading_blog_list_title_margin":"default","leading_blog_list_meta_margin":"default","content_length":"","leading_blog_list_content_margin":"default","leading_blog_list_button":"primary","leading_blog_list_button_margin":"default","image_thumbnail_size":"600X340","image_small_size":"100X100","image_medium_size":"300X300","image_large_size":"600X600","image_crop_quality":"100","blog_list_image":"large","leading_blog_list_image":"large","article_content_width":"","article_image_margin":"default","blog_details_image":"default","blog_details_title_margin":"default","blog_details_meta_margin":"default","blog_details_meta_style":"sentence","blog_details_content_margin":"default","social_share_lists":["facebook","twitter","linkedin"],"og_fb_id":"","og_twitter_site":"","reading_time_progress":"1","reading_timeline_bg":"#8bc34a","reading_timeline_height":"5px","reading_timeline_position":"top","related_article_title":"Related Articles","related_article_limit":"3","related_article_view_type":"thumb","comment":"disabled","comment_disqus_subdomain":"","comment_disqus_devmode":"1","comment_intensedebate_acc":"","comment_facebook_app_id":"","comment_facebook_width":"100","comment_facebook_number":"10","comments_count":"1","before_head":"","after_body":"","before_body":"","custom_css":"","custom_js":"","enabled_cookie_banner":"1","cookie_type":"bar","cookie_bar_position":"bottom","cookie_position":"bottom-left","cookie_bar_style":"muted","cookie_style":"primary","cookie_content":"By using this website, you agree to the use of cookies as described in our Privacy Policy.","cookie_button":"","cookie_button_text":"I accept","exclude_js":"","scssoption":"1","enable_fontawesome":"1","gfont_api":"","ga_code":"","ga_tracking_method":"","id":"23","template":"wt_vhost_free","client_id":"0","home":"1","title":"wt_vhost_free - Default"}