<?xml version="1.0" encoding="utf-8"?>
<extension type="module" version="3.1" client="site" method="upgrade">
	<name>WT Navbar</name>
	<author>WonderTheme</author>
	<creationDate>May 2019</creationDate>
	<copyright>Copyright (C) 2019 WonderTheme.com. All rights reserved.</copyright>
	<license>GNU General Public License version 2 or later; see LICENSE.txt</license>
	<authorEmail>info@wondertheme.com</authorEmail>
	<authorUrl>www.wondertheme.com</authorUrl>
	<version>2.0.0</version>
	<description>MOD_WT_NAVBAR_XML_DESCRIPTION</description>
	<files>
		<filename module="MOD_WT_navbar">mod_wt_navbar.php</filename>
		<folder>css</folder>
		<folder>js</folder>>
		<folder>tmpl</folder>
		<filename>CHANGELOG.txt</filename>
		<filename>helper.php</filename>
	</files>
	<languages>
		<language tag="en-GB">language/en-GB/en-GB.mod_wt_navbar.ini</language>
		<language tag="en-GB">language/en-GB/en-GB.mod_wt_navbar.sys.ini</language>
	</languages>
	<updateservers>
		<server type="extension" priority="1" name="WT Navbar">https://www.wondertheme.com/updates/extensions/mod_wt_navbar_update.xml</server>
	</updateservers>
	<help key="JHELP_EXTENSIONS_MODULE_MANAGER_MENU" />
	<config>
		<fields name="params">
			<fieldset name="basic" addfieldpath="/administrator/components/com_menus/models/fields" >

				<field name="logo" type="media" label="MOD_WT_NAVBAR_FIELD_LOGO_LABEL" description="MOD_WT_NAVBAR_FIELD_LOGO_DESC" class="" default="" />

				<field type="spacer" name="" hr="true" />

				<field name="navPlacement" type="list" label="MOD_WT_NAVBAR_FIELD_NAVPLACEMENT_LABEL" description="MOD_WT_NAVBAR_FIELD_NAVPLACEMENT_DESC" default="no-fixed" filter="">
					<option value="no-fixed">MOD_WT_NAVBAR_FIELD_NAVPLACEMENT_DEFAULT</option>
					<option value="fixed-top">MOD_WT_NAVBAR_FIELD_NAVPLACEMENT_FIXEDTOP</option>
					<option value="sticky-top">MOD_WT_NAVBAR_FIELD_NAVPLACEMENT_STICKYTOP</option>
				</field>

				<field name="navContainer" type="radio" label="MOD_WT_NAVBAR_FIELD_NAVCONTAINER_LABEL" description="MOD_WT_NAVBAR_FIELD_NAVCONTAINER_DESC" class="btn-group btn-group-yesno" default="1" filter="integer">
					<option value="1">JYES</option>
					<option value="0">JNO</option>
				</field>

				<field name="navPosition" type="list" label="MOD_WT_NAVBAR_FIELD_NAVPOSITION_LABEL" description="MOD_WT_NAVBAR_FIELD_NAVPOSITION_DESC" default="mr-auto" filter="">
					<option value="mr-auto">MOD_WT_NAVBAR_FIELD_NAVPOSITION_LEFT</option>
					<option value="ml-auto">MOD_WT_NAVBAR_FIELD_NAVPOSITION_RIGHT</option>
				</field>

				<field name="navBGColor" type="list" label="MOD_WT_NAVBAR_FIELD_NAVBGCOLOR_LABEL" description="MOD_WT_NAVBAR_FIELD_NAVBGCOLOR_DESC" default="bg-light" filter="">
					<option value="bg-light">MOD_WT_NAVBAR_FIELD_NAVBGCOLOR_DEFAULT</option>
					<option value="bg-primary">MOD_WT_NAVBAR_FIELD_NAVBGCOLOR_PRIMARY</option>
					<option value="bg-secondary">MOD_WT_NAVBAR_FIELD_NAVBGCOLOR_SECONDARY</option>
					<option value="bg-dark">MOD_WT_NAVBAR_FIELD_NAVBGCOLOR_DARK</option>
					<option value="my-color">MOD_WT_NAVBAR_FIELD_NAVBGCOLOR_MYCOLOR</option>
				</field>

				<field showon="navBGColor:my-color" name="navBGColorCustom" type="color" format="rgba" label="MOD_WT_NAVBAR_FIELD_NAVBGCOLORCUSTOM_LABEL" description="MOD_WT_NAVBAR_FIELD_NAVBGCOLORCUSTOM_DESC" default="#0000ff" filter="STRING" />

				<field name="navColorMode" type="list" label="MOD_WT_NAVBAR_FIELD_NAVCOLORMODE_LABEL" description="MOD_WT_NAVBAR_FIELD_NAVCOLORMODE_DESC" default="navbar-light" filter="">
					<option value="navbar-light">MOD_WT_NAVBAR_FIELD_NAVCOLORMODE_LIGHT</option>
					<option value="navbar-dark">MOD_WT_NAVBAR_FIELD_NAVCOLORMODE_DARK</option>
				</field>

				<field name="navShadow" type="list" label="MOD_WT_NAVBAR_FIELD_NAVSHADOW_LABEL" description="MOD_WT_NAVBAR_FIELD_NAVSHADOW_DESC" default="shadow-none" filter="">
					<option value="shadow-none">MOD_WT_NAVBAR_FIELD_NAVSHADOW_SHADOW_NONE</option>
					<option value="shadow-sm">MOD_WT_NAVBAR_FIELD_NAVSHADOW_SHADOW_SM</option>
					<option value="shadow">MOD_WT_NAVBAR_FIELD_NAVSHADOW_SHADOW</option>
					<option value="shadow-lg">MOD_WT_NAVBAR_FIELD_NAVSHADOW_SHADOW_LG</option>
				</field>

				<field name="dropdownMode" type="list" label="MOD_WT_NAVBAR_FIELD_DROPDOWNMODE_LABEL" description="MOD_WT_NAVBAR_FIELD_DROPDOWNMODE_DESC" default="dropdown-open-click" filter="STRING">
          <option value="dropdown-open-click">MOD_WT_NAVBAR_FIELD_DROPDOWNMODE_CLICK</option>
          <option value="dropdown-open-hover">MOD_WT_NAVBAR_FIELD_DROPDOWNMODE_HOVER</option>
				</field>

        <field name="dropdownTransition" type="list" label="MOD_WT_NAVBAR_FIELD_DROPDOWNTRANSITION_LABEL" description="MOD_WT_NAVBAR_FIELD_DROPDOWNTRANSITION_DESC" default="dropdown-transition-default" filter="STRING">
          <option value="dropdown-transition-default">MOD_WT_NAVBAR_FIELD_DROPDOWNTRANSITION_DEFAULT</option>
          <option value="dropdown-transition-slide-in">MOD_WT_NAVBAR_FIELD_DROPDOWNTRANSITION_SLIDEIN</option>
          <option value="dropdown-transition-scale-in">MOD_WT_NAVBAR_FIELD_DROPDOWNTRANSITION_SCALEIN</option>
          <option value="dropdown-transition-fade-in">MOD_WT_NAVBAR_FIELD_DROPDOWNTRANSITION_FADEIN</option>
        </field>

				<field name="navCollapse" type="list" label="MOD_WT_NAVBAR_FIELD_NAVCOLLAPSE_LABEL" description="MOD_WT_NAVBAR_FIELD_NAVCOLLAPSE_DESC" default="navbar-expand-lg" filter="">
					<option value="navbar-expand-sm">MOD_WT_NAVBAR_FIELD_NAVCOLLAPSE_SM</option>
					<option value="navbar-expand-md">MOD_WT_NAVBAR_FIELD_NAVCOLLAPSE_MD</option>
					<option value="navbar-expand-lg">MOD_WT_NAVBAR_FIELD_NAVCOLLAPSE_LG</option>
					<option value="navbar-expand-xl">MOD_WT_NAVBAR_FIELD_NAVCOLLAPSE_XL</option>
				</field>

				<field type="spacer" name="" hr="true" />

				<field name="loadOtherModules" type="radio" label="MOD_WT_NAVBAR_FIELD_INCLUDEMODPOSITION_LABEL" description="MOD_WT_NAVBAR_FIELD_INCLUDEMODPOSITION_DESC" class="btn-group btn-group-yesno" default="1" filter="integer">
					<option value="1">JYES</option>
					<option value="0">JNO</option>
				</field>

				<field type="spacer" name="myspacer" hr="true" />

				<field
					name="menutype"
					type="menu"
					label="MOD_WT_NAVBAR_FIELD_MENUTYPE_LABEL"
					description="MOD_WT_NAVBAR_FIELD_MENUTYPE_DESC"
					clientid="0"
				/>

				<field
					name="base"
					type="modal_menu"
					label="MOD_WT_NAVBAR_FIELD_ACTIVE_LABEL"
					description="MOD_WT_NAVBAR_FIELD_ACTIVE_DESC"
					select="true"
					new="true"
					edit="true"
					clear="true"
					filter="integer"
					>
					<option value="">JCURRENT</option>
				</field>

				<field
					name="startLevel"
					type="list"
					label="MOD_WT_NAVBAR_FIELD_STARTLEVEL_LABEL"
					description="MOD_WT_NAVBAR_FIELD_STARTLEVEL_DESC"
					default="1"
					filter="integer"
					>
					<option value="1">J1</option>
					<option value="2">J2</option>
					<option value="3">J3</option>
					<option value="4">J4</option>
					<option value="5">J5</option>
					<option value="6">J6</option>
					<option value="7">J7</option>
					<option value="8">J8</option>
					<option value="9">J9</option>
					<option value="10">J10</option>
				</field>

				<field
					name="endLevel"
					type="list"
					label="MOD_WT_NAVBAR_FIELD_ENDLEVEL_LABEL"
					description="MOD_WT_NAVBAR_FIELD_ENDLEVEL_DESC"
					default="0"
					filter="integer"
					>
					<option value="0">JALL</option>
					<option value="1">J1</option>
					<option value="2">J2</option>
					<option value="3">J3</option>
					<option value="4">J4</option>
					<option value="5">J5</option>
					<option value="6">J6</option>
					<option value="7">J7</option>
					<option value="8">J8</option>
					<option value="9">J9</option>
					<option value="10">J10</option>
				</field>

				<field
					name="showAllChildren"
					type="radio"
					label="MOD_WT_NAVBAR_FIELD_ALLCHILDREN_LABEL"
					description="MOD_WT_NAVBAR_FIELD_ALLCHILDREN_DESC"
					class="btn-group btn-group-yesno"
					default="1"
					filter="integer"
					>
					<option value="1">JYES</option>
					<option value="0">JNO</option>
				</field>
			</fieldset>

			<fieldset name="advanced">
				<field
					name="layout"
					type="modulelayout"
					label="JFIELD_ALT_LAYOUT_LABEL"
					description="JFIELD_ALT_MODULE_LAYOUT_DESC"
				/>

				<field
					name="moduleclass_sfx"
					type="text"
					label="MOD_WT_NAVBAR_FIELD_CLASS_LABEL"
					description="MOD_WT_NAVBAR_FIELD_CLASS_DESC"
				/>

				<field
					name="cache"
					type="list"
					label="COM_MODULES_FIELD_CACHING_LABEL"
					description="COM_MODULES_FIELD_CACHING_DESC"
					default="1"
					filter="integer"
					>
					<option value="1">JGLOBAL_USE_GLOBAL</option>
					<option value="0">COM_MODULES_FIELD_VALUE_NOCACHING</option>
				</field>

				<field
					name="cache_time"
					type="number"
					label="COM_MODULES_FIELD_CACHE_TIME_LABEL"
					description="COM_MODULES_FIELD_CACHE_TIME_DESC"
					default="900"
					filter="integer"
				/>

				<field
					name="cachemode"
					type="hidden"
					default="itemid"
					>
					<option value="itemid"></option>
				</field>
			</fieldset>
		</fields>
	</config>
</extension>
